{
  "project_info": {
    "project_number": "791527199565",
    "firebase_url": "https://nottmystyle-447aa.firebaseio.com",
    "project_id": "nottmystyle-447aa",
    "storage_bucket": "nottmystyle-447aa.appspot.com"
  },
  "client": [
    {
      "client_info": {
        "mobilesdk_app_id": "1:791527199565:android:b1143ca0048479af",
        "android_client_info": {
          "package_name": "com.nott"
        }
      },
      "oauth_client": [
        {
          "client_id": "791527199565-7170bljd4f1kfcrr11394kmhhhfs104u.apps.googleusercontent.com",
          "client_type": 1,
          "android_info": {
            "package_name": "com.nott",
            "certificate_hash": "122c911c9f0e40f0082195b50a56194767f7098d"
          }
        },
        {
          "client_id": "791527199565-84t543h0hhck76ki5b3dg0i08ob16ddn.apps.googleusercontent.com",
          "client_type": 1,
          "android_info": {
            "package_name": "com.nott",
            "certificate_hash": "db3bc9c5a4226ad8c98b7e627678041196b3d6d6"
          }
        },
        {
          "client_id": "791527199565-1lrg47haaviafkql0c5faal7f7n2slg9.apps.googleusercontent.com",
          "client_type": 1,
          "android_info": {
            "package_name": "com.nott",
            "certificate_hash": "652350cbf95b92b2bf5131a0ce822dee350eb6f6"
          }
        },
        {
          "client_id": "791527199565-9qf592bij6sovaqhvrn0nmqquqjrg27i.apps.googleusercontent.com",
          "client_type": 3
        }
      ],
      "api_key": [
        {
          "current_key": "AIzaSyDYudCUyaDx46OKbvWMLSmBgBPNOZqZ6YM"
        }
      ],
      "services": {
        "appinvite_service": {
          "other_platform_oauth_client": [
            {
              "client_id": "791527199565-9qf592bij6sovaqhvrn0nmqquqjrg27i.apps.googleusercontent.com",
              "client_type": 3
            },
            {
              "client_id": "791527199565-tcd1e6eak6n5fcis247mg06t37bfig63.apps.googleusercontent.com",
              "client_type": 2,
              "ios_info": {
                "bundle_id": "-3T6KRJL5P.com.NottMyStyle.nott",
                "app_store_id": "1438470916"
              }
            }
          ]
        }
      }
    }
  ],
  "configuration_version": "1"
}